Y,TRANSPORTE,AGS,BC,BCS,CAM,COAH,COL,CHIS,CHIH,CDMX,DUR,GUA,GUE,HID,JAL,EDOMEX,MICH,MOR,NAY,NL,OAX,PUE,QUE,QRO,SLP,SIN,SON,TAB,TAMPS,TLAX,VER,YUC,ZAC
1980,Total,55038,347138,42227,21766,149242,49073,55401,272399,1869808,75859,155239,59199,70592,347483,317938,131511,106712,34249,264368,68997,196445,42255,16640,80309,110677,176518,34762,245916,23218,227171,76404,33776
1981,Total,56049,391422,44460,26299,171897,60262,60997,307456,1996743,85331,166660,67217,75007,386231,357998,156554,115884,35158,307312,81560,228030,46300,21714,89974,120393,182208,44755,266205,25982,248547,79229,36002
1982,Total,59640,430583,53984,35866,202036,90599,64014,347613,1965771,94013,180181,75698,78771,404645,400980,167425,132284,40993,299466,85794,239249,49473,22362,96846,122477,190093,47689,288940,29911,271323,81378,45067
1983,Total,59181,479624,56620,39342,225615,93368,73248,404470,1773140,108873,192857,81153,82316,438343,443777,190393,137356,42059,306338,93108,275423,52643,24662,101749,130907,198548,54886,307698,34032,304836,83293,51394
1984,Total,60559,494007,57892,44359,237710,100961,71224,438638,1795279,110658,208212,85913,84555,487847,489786,200475,148388,53265,347032,80897,284043,54435,25345,106849,139617,202976,60957,327021,39272,322101,86616,58177
1985,Total,63226,507540,58711,46907,248788,104826,81441,462776,1833239,113623,219866,89914,87726,508494,633362,211365,156316,54431,366631,75575,295252,57711,27281,112754,148198,221454,66436,342672,40920,336378,91475,60335
1986,Total,70003,502496,60395,48001,255874,109314,89032,470753,1519411,115853,223064,93582,90252,530801,704819,218433,183976,55001,382050,78742,303042,59791,28516,115070,217768,228846,69275,357557,42307,345924,100529,61535
1987,Total,74538,489187,61054,51866,262333,109982,92965,475220,1549203,117552,234142,96329,97770,555905,717189,225856,195386,58488,397753,84216,294383,61709,29738,117156,224120,238641,76888,367961,46273,354400,106076,69450
1988,Total,76365,491855,61835,52951,271593,111635,98337,484304,1677570,119824,246007,101954,101330,586990,753486,236294,192981,60695,414999,91502,306984,64648,32800,120782,230556,250631,85928,380996,47655,370631,118454,82315
1989,Total,80180,531869,65701,61715,335354,111577,116786,502170,1711583,124553,264577,109918,131431,627739,858069,253460,200503,63145,443406,100119,332950,80064,40501,134228,240998,271892,96322,409005,62741,397158,127849,121485
1990,Total,105893,542800,72495,66288,352475,108115,135163,555273,1977554,131748,288265,119520,140774,674854,928820,278640,209458,64476,473704,111583,355022,91631,50418,147543,251592,299392,101991,440954,64688,431008,147301,142670
1991,Total,116322,596778,79691,72562,387261,118448,148510,641354,1919557,144762,316707,131306,154692,741520,1011089,306031,229970,70749,520493,122476,389966,100688,55254,161879,276295,328918,111996,484507,71020,473503,161057,156782
1992,Total,111982,591819,80894,82783,401326,120209,154635,647251,2257243,147546,338905,135615,142323,789194,1056885,319329,237107,72859,552130,127152,409070,105262,63102,169758,283907,344101,116589,498786,86682,490273,167627,157840
1993,Total,114731,582442,81598,108889,464630,66974,117131,531963,2566043,156115,423438,140642,186886,1006337,901531,362169,175689,80017,643201,132918,336840,128910,72701,174776,317815,350114,167419,376319,57497,471160,144928,188887
1994,Total,142582,585813,83246,113092,327554,77529,125621,608162,2016038,162611,439632,144189,207730,1067022,455334,423614,213972,77107,676861,134356,534952,157330,58582,206145,323727,354960,160815,423538,44434,493121,165462,180258
1995,Total,156608,634082,104468,87641,326437,81166,151457,659550,2132325,187744,458671,254438,240046,1020996,542733,426352,220206,88616,675975,123467,387052,140961,70286,219734,349378,245456,185741,479854,58554,400793,173504,183955
1996,Total,174563,686307,113638,81737,329371,137096,166527,701884,2067206,189074,456829,243369,264301,1016481,722071,436961,234450,97429,697011,129031,402092,222128,112821,234944,298471,259335,144149,511131,60922,441471,134398,193330
1997,Total,159839,743823,116180,87350,361632,83488,191683,753484,2100283,200835,493242,274587,281948,1077616,864567,498363,218390,100985,732371,158036,431931,178440,121778,249601,285688,369491,149600,551036,64161,496026,132085,208648
1998,Total,171667,655690,165543,52057,345526,82345,205144,824004,2541957,211276,473706,291032,306708,1099757,1040041,523403,237151,119650,782719,166263,427038,200132,80725,278095,320788,238317,157638,624477,80459,510848,154417,216747
1999,Total,176712,718362,164667,66409,359707,69714,209692,750834,2631169,217935,561620,353595,325429,1114421,1116757,588351,220246,110973,840879,174398,448769,201219,104539,295683,359467,354696,179007,647492,86215,557261,175384,223762
2000,Total,198046,752607,185233,73644,334131,79637,222570,811990,2511543,164791,599774,346367,363565,1303109,1268894,686611,221609,118177,952866,184556,523127,231004,142093,330168,386732,514396,187642,734129,96942,611618,214190,266655
2001,Total,226097,869588,204063,80316,490912,112672,237304,959742,2407362,239412,685177,338715,423860,1376637,1352233,738595,164261,138186,1134033,220228,581218,266288,139661,403958,527086,566820,207108,861147,101056,672891,238881,335023
2002,Total,244032,983260,230767,90883,623416,124629,257404,992990,2321702,240631,768381,381599,468833,1681096,1184969,821588,198490,160290,1248474,270916,604097,298504,122894,440586,577708,662100,218025,1104059,113018,735328,265907,348018
2003,Total,265690,1209643,257872,106062,589957,135382,294936,985442,2260123,289369,812978,424190,514220,1814156,1363360,962836,235420,159730,1336726,287696,624306,325081,119925,466055,521294,706384,217777,961311,108612,800799,295795,353833
2004,Total,295160,1061369,292890,131339,620900,146937,285207,934523,2556032,301701,887591,553945,565852,1940129,1229299,971331,255719,203966,1455463,243231,703813,251256,188329,485313,537275,804810,224046,996448,124732,930605,337669,361558
2005,Total,316559,1187451,321122,97928,622732,160842,304827,1001292,2696220,309947,914635,717576,613043,2066373,1473208,1012983,289315,234897,1451581,284563,751523,271896,224246,547556,573867,599007,250576,971514,130649,1004913,344530,391107
2006,Total,347133,1281923,373955,164682,626344,179888,331147,1105386,3079690,353509,1019987,543549,683753,2207186,2162035,1187286,257477,259769,1605120,260788,863728,296942,307823,611205,677608,709713,287137,1054922,182229,1138977,342447,403891
2007,Total,375438,1362035,401796,175095,646417,193409,470461,1099296,3423719,375933,1100872,561705,753772,2381424,2212903,1262453,306824,271408,1743646,294396,970154,329617,358642,691005,753206,798405,322139,876005,184388,1244242,382235,424157
2008,Total,397205,1442539,435130,196759,703447,207707,526651,1135634,3922587,385321,1202989,606415,806457,2592027,2592796,1430938,353255,296467,1812944,308847,1065016,395483,400961,744984,818547,855110,358228,892820,192799,1316781,422204,468855
2009,Total,411864,1475939,470410,169739,679745,214082,561920,1181161,4120535,432122,1251246,666071,821939,2659712,2913512,1499714,358219,309753,1890350,356439,1138679,426844,427389,776561,854368,889176,388266,932874,207279,1420654,492699,490875
2010,Total,430807,887957,491070,193774,707121,224012,597072,1214904,4280756,434032,1292029,714651,850074,2754043,3116697,1631215,393444,327257,1975586,383385,1207576,458836,452198,804579,874178,928336,412009,974099,212363,1506327,513792,504833
2011,Total,444089,917710,513262,192858,669216,239191,631045,1183578,4491912,448891,1345165,766356,869079,2861984,3651210,1705626,430372,344019,2084551,410571,1274347,469595,477732,837275,921540,891539,424349,1011735,227680,1595319,546483,492190
2012,Total,453992,1017113,403730,216918,706416,272760,669892,1229700,4651276,482018,1413600,828907,890710,2902432,4188044,1787512,457404,357431,2183614,436995,1334844,506714,510952,873672,981918,744447,455002,1038216,249495,1650671,575850,439592
2013,Total,470891,1072808,414151,240445,724207,268303,692111,1329906,4787187,502479,1511212,897975,919436,2953747,4667653,1935650,496008,370302,2297443,459248,1351836,503222,544365,920466,1038837,779137,483749,1074399,276973,1733364,605560,421768
2014,Total,488484,1100840,430758,266161,730670,283275,736909,1424601,4737749,533546,1610498,974898,945126,3112643,5185808,2095264,538864,380870,1797854,491863,1315969,574129,587888,962276,1099123,834881,513433,1108978,336104,1797417,638250,392042
2015,Total,516274,1123118,435662,262109,741515,298088,767497,1487207,4997606,561927,1746865,1029881,982192,3268321,5917351,1993193,550063,387063,1865729,513339,1366819,512754,634906,1015343,1137857,850974,546970,1132124,397124,1857852,674366,403909
2016,Total,543800,1169911,457900,284605,800196,312913,812927,1630738,5220651,595032,1883204,1076055,1014157,3429847,6576827,2078184,599601,396424,1997592,527466,1419604,498347,688047,1074426,1152605,967700,568367,1154222,445909,1919354,722719,434935
2017,Total,569134,1688177,492200,306254,924840,327683,854226,1536013,5471904,665694,1994985,1129506,785841,3605557,7271930,2487493,696518,413509,2129728,552387,1492217,713637,769307,1137791,1188477,1057012,589624,1175178,655367,1951430,770875,449028
2018,Total,611917,1755164,479090,325505,903194,341633,893901,1599601,5802469,636525,2041008,1182837,691046,3732984,7342919,2629954,790470,449029,2269029,665332,1553518,725124,815612,1195683,1203945,1317902,620335,1192246,663255,2061918,822902,467879
2019,Total,648759,1799518,497189,310299,970099,355900,935563,1672105,6084903,626728,2144119,1235599,661778,3910903,8170767,2741629,905051,475446,2385644,726322,1123451,785570,867895,1243194,1272755,1444942,642193,1225196,479825,2138830,873132,514384
2020,Total,676375,1885643,512741,322562,1005474,365627,993392,1725183,6145553,622534,2199695,1291009,644413,4036774,8571466,2511939,992042,494810,2476062,792328,1164392,778251,895799,1280233,1312670,1484070,663551,1248214,515952,2161372,902783,542769
2021,Total,701330,1923581,535821,344403,1039056,378993,1054901,1782627,6235773,633424,2276376,1373002,678840,4186105,8996664,2631755,1089441,519899,2568278,892937,1209348,805019,943144,1328813,1354016,1435992,697413,1275061,544563,2170143,942783,565895
1980,Autos,30230,260133,23250,11070,90509,24941,26650,191073,1601867,33300,79969,36076,42394,202910,212939,62968,69009,14653,186439,33109,123357,26643,8764,42503,49337,86583,19424,157752,12830,129843,43183,16334
1981,Autos,30428,299266,24759,12446,105342,26989,29377,211545,1706435,38392,86537,42643,42359,218395,240229,79274,76043,15440,217195,41850,142788,29850,13029,47815,51645,91074,26272,172639,14637,142697,46786,17187
1982,Autos,34167,329533,29487,17702,125893,41391,32504,242416,1707384,41532,95744,48064,45902,255167,276226,84873,88719,18410,211538,40866,150399,32215,13310,51659,52792,97673,28025,187164,16726,149056,48676,21684
1983,Autos,33896,359465,30675,18743,141052,42026,37393,276179,1542868,48096,104314,51438,49104,284383,316600,96517,91893,19015,214131,44490,173131,33880,15046,52821,56762,104704,31880,195981,18073,167583,50407,23690
1984,Autos,34153,370247,33280,20134,148564,45324,37421,292967,1564909,49998,112761,53941,50387,318898,358921,101828,96975,23447,241970,38351,178390,35555,15246,55474,60747,108761,35616,206327,20100,178815,54839,26180
1985,Autos,35403,381354,35296,21321,154506,47327,42980,307200,1614986,51647,119526,56314,52102,331669,484523,107432,100416,23953,253584,35537,186774,37546,16414,58806,64391,114672,38822,214580,20944,186861,57854,27102
1986,Autos,39585,377703,35687,22000,158169,49634,46485,309656,1359962,52805,120397,58713,53397,343961,535152,110407,114364,24223,262456,36788,192749,38861,17117,60686,93062,118219,40433,221190,21612,192704,67050,27695
1987,Autos,42163,369229,36020,24528,161333,50095,48154,311993,1388280,53753,126670,60468,57490,358600,549177,114251,124645,25669,272581,38952,189161,40102,17745,62573,95847,122113,45219,225812,24247,197407,72329,29622
1988,Autos,42918,370704,36451,25257,166003,51092,50587,316352,1508239,55091,133310,64572,59608,375829,571676,119612,122946,26583,283315,42649,196668,41818,18902,65129,98673,126998,50562,232083,24942,205336,80253,33577
1989,Autos,45057,399191,38052,30533,201542,51293,57405,326457,1538193,57564,143549,67568,76020,400895,659721,127891,128272,27320,300670,48316,214089,50184,22342,71707,104711,139509,56440,241463,29396,220286,86905,40991
1990,Autos,58859,400927,41589,33589,212833,50293,66546,349464,1768683,61875,158016,71865,78757,426235,707268,140063,134020,28161,320307,53579,228538,57874,29699,80803,110682,156823,60126,255706,30659,240640,93282,47789
1991,Autos,64744,441018,45747,36947,234115,55322,73199,351763,1727836,68060,173816,79050,86631,468857,768037,154067,147420,30976,352345,58936,251390,63660,32668,88881,121750,172503,66137,281275,33679,264703,102609,52567
1992,Autos,63500,435934,45818,41178,240737,56113,76320,353014,2019494,69580,184587,81810,79311,491922,793913,161209,151616,32033,370786,60761,262294,66226,37546,93807,125522,180054,69196,287992,34784,273093,105814,53214
1993,Autos,64950,428201,46411,48907,292459,29304,58715,304204,2314499,76621,222944,84760,106039,596290,684347,169032,119520,29511,440915,63823,217211,81461,48974,97424,148628,183561,80968,232119,31951,262406,95086,54710
1994,Autos,81993,429875,47385,50372,198179,35306,63728,354556,1814187,75350,235120,87119,115185,638157,336731,199350,147077,34599,461451,63990,327724,101280,35229,114376,155763,185811,84301,263985,24343,292757,109278,53175
1995,Autos,88435,438407,61695,36626,208546,37093,77779,393623,1919264,87329,249073,152580,137420,608765,402548,202900,152765,38801,467797,58876,248138,90391,45960,122730,169019,135340,90511,304299,33397,235505,118897,54995
1996,Autos,94756,475170,67788,37863,210386,66484,85564,432390,1865359,90083,255885,155504,152210,570580,528046,212104,164251,44093,484151,62436,260723,164493,79485,128756,136959,148304,80426,327039,34532,262537,92981,59526
1997,Autos,94824,519888,66972,40979,226333,38799,99849,476927,1896403,95897,258600,169116,162362,641904,623846,242857,155736,45889,512157,77696,277914,118010,85698,136528,132948,262547,87520,360152,37779,298720,90220,67925
1998,Autos,102984,449521,102644,29793,217716,39884,106267,532676,2304627,102789,245897,164804,178719,659648,759376,267443,160407,53548,550284,80060,273802,133746,54936,151173,150619,144158,93237,414963,45079,308659,130865,75885
1999,Autos,106762,499998,100024,39293,227814,32341,109863,479082,2386039,106657,295279,196691,190845,652389,784521,296304,155949,57269,596114,93854,288387,131341,70666,161770,180220,213286,101011,431938,48205,340057,129412,79415
2000,Autos,116241,577672,113226,44451,211981,35755,117034,469932,2308255,73701,295890,193314,202412,730603,933583,315064,156456,63747,650134,97101,330517,145322,94871,174494,186331,288643,106608,474378,54121,376475,152662,85205
2001,Autos,136240,672760,126519,49731,300568,54705,125273,617720,2233666,124590,354275,189161,235898,783455,1028663,331170,116090,69945,787128,111833,364471,168883,92456,221079,268801,345948,118268,558811,56468,414311,163728,129368
2002,Autos,145820,763803,144141,56951,380825,60515,135791,622990,2162180,128815,387733,216102,254223,946458,935680,360847,139097,78944,855046,137895,372952,186813,80108,236322,300696,420879,125237,786638,64588,457404,180950,128467
2003,Autos,159314,875781,165475,64485,363882,64959,155118,619349,2093708,151214,409355,247229,275187,1014350,1080754,439640,162407,74809,915824,141372,384334,200124,75030,248471,255499,447322,126944,644296,62294,496324,197740,129459
2004,Autos,179103,768078,188355,77259,381762,69980,148178,581940,2384533,158158,442678,298795,300466,1081386,998407,444862,174085,90291,983132,122610,428082,154064,119875,257589,263032,495809,135649,660925,72262,568041,226234,132391
2005,Autos,193054,876467,209972,55963,385739,76573,156903,630939,2528281,160917,456003,391806,324236,1148872,1200966,479194,196202,107192,990912,141988,454878,167656,139989,289694,280585,373559,151746,677258,72810,608707,226935,144384
2006,Autos,216818,950752,243597,92739,385074,89497,170280,723373,2878442,192145,532305,324738,372977,1266511,1736969,554682,176762,122164,1115206,133016,524913,188614,189823,333100,360487,455589,175575,741468,107033,685400,223134,148630
2007,Autos,237740,1011668,260043,100366,394773,96774,244370,724024,3176288,207473,585995,334867,418505,1383889,1779044,602507,211480,130338,1221716,147987,592917,212225,219112,379634,410983,511008,193512,592021,155118,743489,245544,171213
2008,Autos,251287,1066911,281523,106098,428656,105122,267353,753590,3640886,216039,649260,353447,451233,1508483,2071341,691175,243168,144394,1269676,156180,650954,256670,242986,408294,451885,537532,213457,592824,161862,783006,267835,197815
2009,Autos,261876,1085329,300870,90701,417651,109734,284725,787052,3824532,245915,678548,408177,461001,1554138,2303728,727833,246864,152031,1327025,176290,695365,278785,257984,426905,473569,559455,229935,617613,171139,843590,310670,210194
2010,Autos,274139,666258,315788,101462,434675,114770,302836,814024,4028300,248406,705683,448103,479309,1615356,2468657,799587,272585,161296,1389831,189008,727577,304062,273227,443369,488106,583640,243218,647183,175322,896684,323247,217065
2011,Autos,283498,687576,331599,100653,409306,123102,318621,805249,4252089,259626,740739,489950,492054,1680336,2883263,837927,299144,170965,1470592,201582,776587,315052,287538,460831,520667,564793,248693,674282,185412,950173,340850,211577
2012,Autos,290203,764682,266525,112303,433047,141301,341852,840569,4455914,284695,781847,546327,506177,1701489,3281852,883092,318071,177715,1545344,209305,819890,343221,306729,476508,557457,482464,268481,695142,200574,976978,359617,200252
2013,Autos,299134,808231,273443,123771,444532,137950,349992,915603,4593710,298890,829886,606914,526824,1721050,3630343,962101,346541,184550,1634474,214609,833731,342257,326012,497144,594879,499714,285104,724312,219876,1023012,377291,194042
2014,Autos,307473,832655,285320,136057,444884,145497,372059,983916,4421797,322016,885201,674866,544707,1814989,4007600,1051939,377111,190522,1314279,222755,825725,399203,350794,516038,633945,536559,302744,750807,257869,1052699,396319,185563
2015,Autos,323590,851836,287697,134163,452552,153394,383007,1033163,4626870,342637,962028,722217,572882,1908689,4529886,995436,386611,193253,1377434,227514,863859,353958,378551,545248,660736,547313,323750,771535,297170,1088227,417382,195406
2016,Autos,342003,892245,305197,144234,493857,161833,409470,1139419,4806901,371587,1033519,761817,595124,2012979,5006653,1034859,428372,198704,1488363,231449,900498,351523,410125,579965,674466,628751,336385,793125,327139,1138280,450075,215378
2017,Autos,357999,1276600,330488,153443,568805,170049,432260,1076600,5008454,426017,1093291,789990,467807,2115230,5490768,1257793,512169,211116,1593335,237835,952504,485581,455123,616522,696242,708637,348021,809583,460222,1152039,475917,227602
2018,Autos,380032,1329401,328437,160974,549332,177238,454802,1129300,5278405,402293,1116211,821776,428937,2222924,5530839,1322689,592631,221142,1706431,289641,993387,493700,478645,647601,707923,882404,361740,822919,460990,1253173,508165,235985
2019,Autos,401695,1364255,343161,152815,589567,183962,474602,1186328,5492819,392660,1162593,856131,426374,2312592,6101378,1361721,663490,233800,1790390,311862,754080,534687,501921,669720,750101,966382,370699,850343,348405,1268166,540013,246879
2020,Autos,417207,1431596,354463,156704,609721,188917,501444,1226483,5531376,385654,1184343,895152,416381,2369351,6347586,1256743,725857,245877,1855704,339995,774265,531800,513939,688323,774018,993317,378060,868554,373026,1276105,555420,258314
2021,Autos,429565,1457452,372026,163959,629839,194975,534969,1270537,5571627,391459,1215253,946349,437444,2454890,6590512,1310625,799547,261497,1920041,388079,792996,546537,534424,705932,798845,948913,391534,890494,389087,1279459,572310,269628
1980,TP,439,857,152,295,1148,704,998,2961,14487,702,1346,1378,2225,4402,5463,2424,1304,308,2578,1276,2816,430,102,675,1958,1596,1401,1228,801,2599,778,557
1981,TP,498,973,165,332,1251,825,1046,3612,15047,738,1454,1355,2520,4807,6049,2657,1316,315,2831,1456,2918,443,103,703,2079,1735,1378,1281,838,2865,821,562
1982,TP,553,973,237,364,1810,996,1025,4123,15121,831,1617,1517,2735,5043,6154,2709,1371,338,3097,1873,2960,464,110,723,2169,1835,1435,1748,830,3000,877,595
1983,TP,634,1134,333,413,1842,1009,1059,4664,13072,962,1776,1722,2712,5348,6534,3080,1384,353,3436,1967,3388,489,114,746,2212,1957,1587,1779,966,3161,863,630
1984,TP,642,1167,228,434,1918,1032,1078,5113,15154,950,1926,1728,3352,5955,6943,3230,1464,370,3576,1540,3589,503,120,787,2317,1956,1643,1851,1010,3323,900,718
1985,TP,672,1175,215,457,1975,1054,1134,5706,13617,971,2041,1779,3457,6167,8477,3326,1675,370,3644,1215,3757,531,231,828,2456,2040,1786,1964,1052,3472,977,807
1986,TP,694,1434,231,470,2047,1083,1193,5920,13183,1030,2115,1867,3519,6358,9757,3492,2859,370,3825,1403,3890,560,247,869,2507,2043,1867,2061,1105,3579,974,821
1987,TP,759,1312,237,521,2104,1105,1228,5981,13116,1049,2101,1916,3514,6542,9412,3612,2859,450,3953,1555,3782,574,256,945,2591,2124,1951,2096,1160,3694,984,881
1988,TP,831,1378,254,549,2203,1161,1290,6167,11071,1106,2155,1970,3534,6536,9702,3811,2861,522,4130,1700,3913,606,266,1007,2731,2227,2034,2158,1218,3947,1188,1003
1989,TP,914,1500,299,569,3738,1234,2059,5948,11026,1211,2413,1768,3194,6823,9570,4090,2923,658,4321,1737,4065,804,305,1036,2828,2464,2216,2626,1276,4007,1329,1199
1990,TP,939,2319,342,579,3890,1189,2168,5960,11106,1275,2692,1741,2944,6922,9741,4250,2998,701,4416,1749,4113,863,369,1249,2829,2732,2141,3216,1210,4298,1060,1274
1991,TP,1031,2549,375,635,4277,1307,2383,2400,10730,1401,2960,1913,3237,7613,10703,4674,3297,770,4857,1925,4523,948,404,1373,3111,3004,2353,3536,1330,4726,1165,1400
1992,TP,922,2327,924,634,4047,1215,2411,2244,11012,1405,3161,1788,2872,7199,10245,4358,3141,710,5029,1952,4167,941,369,1585,3135,3015,2180,3617,1217,4667,1147,1543
1993,TP,1022,2292,940,786,2840,486,1370,2506,13394,1254,3203,1779,1859,6564,2041,3202,3363,751,9293,2013,1266,1062,513,1606,3125,3078,6996,864,1206,5881,1123,1388
1994,TP,1038,2314,949,519,1601,653,1724,2925,11203,893,8694,1811,2194,6438,2776,2992,3419,987,10060,2203,7588,1560,119,887,3105,3145,8203,919,452,21329,541,1336
1995,TP,1151,1059,159,323,1906,689,2132,3604,11372,863,8077,6361,2417,8316,2711,3578,3409,726,9669,2126,3846,1483,198,929,3446,1343,10139,1165,46,17659,1302,1293
1996,TP,1408,2536,198,343,3069,1214,2289,3831,11328,946,3544,16000,2360,7866,7192,3628,3362,1026,9739,1206,3922,4150,797,1509,3617,1504,11947,1281,2139,5263,514,1205
1997,TP,1328,3935,276,375,2679,776,3140,4168,11349,1193,15950,26000,2449,6739,9277,3980,2160,1134,10492,1270,4605,4151,854,1607,3944,1998,13022,1482,1154,6993,1335,1630
1998,TP,1657,4040,462,387,3004,746,3071,5185,11934,1254,16718,37624,2381,6616,9591,4060,3421,1069,12238,1505,5086,4234,1191,3830,4171,1867,13192,2627,4410,6910,807,1155
1999,TP,1709,4140,492,620,3018,743,3079,5415,12141,1405,17088,46378,2389,7671,9631,5540,9857,1153,12620,2114,5388,4180,1344,4888,4368,2597,13239,3242,4345,7178,1134,1251
2000,TP,1700,5782,559,686,3369,751,4090,5587,11611,1242,14979,45583,2756,8543,11080,5504,6274,1560,13378,2183,5957,4476,2127,2043,5625,3399,13530,2754,4422,7628,1418,1800
2001,TP,1658,5086,681,549,30683,684,4624,5312,13259,1553,14523,43562,3094,8706,47696,5456,5216,2377,13025,2376,7024,4726,2153,2451,4856,3991,15020,3167,4509,7850,6137,1532
2002,TP,1660,5502,910,578,34527,705,4870,5993,17374,1779,18486,47257,3190,10073,47632,8422,5389,3167,14039,2817,7465,4929,924,2704,5045,4404,15305,3714,4448,7986,6524,1547
2003,TP,1471,7550,1793,844,32103,811,5080,5771,24705,1995,18634,46842,3259,11653,42334,8724,5546,2200,14373,2899,7964,5035,854,3042,5643,6168,14742,4174,4443,8594,7278,1577
2004,TP,1442,9675,2925,1073,33631,827,4371,5332,27175,2111,19665,48636,3297,10996,3027,8756,4357,1477,14372,3105,8352,3984,1171,3117,5641,7609,5691,5110,4459,8567,2848,1786
2005,TP,2003,10049,2942,801,34139,855,4934,5407,28514,2169,19407,50498,3507,10566,8419,8683,4577,1577,14855,1932,8387,3241,1285,3291,5826,2894,2877,4638,6443,9941,2223,1937
2006,TP,2001,10208,2594,1156,40135,878,4923,5314,30405,2304,19605,41395,3559,10353,49805,8918,4327,1614,15366,1482,8885,3294,1648,3453,6107,3516,2169,4762,5785,10451,1828,1949
2007,TP,1989,11378,1895,1396,46585,865,7994,5172,30675,2353,19547,42075,3619,10554,46639,9211,4884,1628,15047,1709,9117,2968,1840,3580,6440,4946,2224,5240,5634,11036,1926,1912
2008,TP,1990,12456,2008,1227,54492,845,8396,5344,32378,2405,18341,42748,3663,10971,43254,9886,4547,1641,15182,2365,9121,3331,1958,3780,6524,5794,2298,5402,5696,11133,1984,2127
2009,TP,1982,12600,2129,870,52088,800,8372,5635,32304,2424,18615,44461,3759,10795,44131,10878,4631,1646,15321,3567,9237,3389,2019,3845,6611,5940,2386,5613,5733,11003,2530,2151
2010,TP,2010,4664,3540,915,56354,826,8325,6032,32387,2419,19113,48953,3746,11071,10909,10794,4894,1657,15660,3712,12501,3470,2054,3814,6526,6377,2457,5930,5763,11124,2519,2222
2011,TP,2013,5117,4206,829,58322,715,8555,5627,32838,2446,19508,53965,3736,11159,14851,11016,5394,1759,16129,3853,12662,3274,2239,3840,6683,5861,2481,5995,5828,11964,2520,2180
2012,TP,1982,4491,4224,870,62286,743,9076,5610,31342,2305,20280,55476,3723,10735,16462,11741,5763,1750,16443,6795,12855,3332,2339,3927,6930,5814,2706,5968,5916,11922,2560,2154
2013,TP,2004,4934,4385,912,65640,729,9024,5825,31047,2328,21592,56715,3767,10860,17499,12500,5729,1779,16896,7113,12277,2686,2396,4025,7098,5925,2782,5820,5955,12285,2573,2044
2014,TP,2081,5148,4709,933,68793,717,9028,6219,31186,2376,23456,56879,3792,11191,18844,13238,5595,1812,8265,7474,11103,2910,2344,4085,7340,5925,2854,5977,6023,12930,2601,1892
2015,TP,1421,5407,4869,865,72174,768,8295,6613,33189,2390,25628,57282,3876,11468,19367,12392,5600,1815,8374,8009,11007,3924,2397,4292,7449,5925,3049,5944,6061,13086,2631,1885
2016,TP,1476,6084,5468,891,77572,1361,9025,7929,32462,2646,27611,57474,3961,11538,20682,13260,3372,1864,8320,7870,10813,3672,2542,4499,7632,4902,3020,5926,6131,13111,2700,1958
2017,TP,1470,10082,5804,940,98620,1395,9011,8459,32245,2686,29562,58380,2137,11576,23955,14173,7712,1915,8700,4149,11036,3811,2613,4634,7987,5062,2987,5969,6354,13110,2778,1808
2018,TP,3510,18273,2386,939,98693,1424,9153,8897,31901,2724,30051,58402,2062,10845,54614,13690,10630,1935,10169,4743,11238,3889,2561,5147,7916,4397,2991,5986,6406,13158,2880,1969
2019,TP,3531,19178,2522,811,110002,1431,8585,9527,31819,2755,30733,58460,1753,11363,57121,4609,11131,1953,11403,4795,9486,3892,2570,5305,8274,7317,2883,6308,6511,12588,2901,2089
2020,TP,3503,19706,2553,815,114809,1442,8704,10033,31913,2794,31463,58504,1573,12162,57046,4258,11046,1973,12955,4807,9386,3758,2516,5326,8407,7578,2894,6310,6121,11710,2913,2111
2021,TP,3429,11391,2315,823,119360,1446,8768,10373,31946,2780,31774,58782,1305,12260,50013,4603,11134,1994,13824,4784,9348,3727,2512,5312,8419,8171,2767,6504,6257,11498,2957,2088
1980,carga,19513,83912,18436,7082,51438,18555,26311,67754,187205,38486,57004,18522,24000,114260,84023,58011,28690,16083,66447,29492,56647,12911,5659,28305,52488,79535,11317,81999,9235,85323,16548,15625
1981,carga,20645,88947,19225,9242,58989,24336,29114,81157,204248,43256,61470,19976,27642,128636,93866,67602,30244,16813,79821,32794,68061,13622,6425,30952,59648,81707,13494,87196,9975,93553,17328,16915
1982,carga,21304,97841,23910,13206,67572,38472,29045,89041,199088,48493,66200,22702,28154,126684,99914,71260,33442,19518,78912,37594,70996,14314,6655,33777,60433,83459,14691,94669,11753,109525,18222,20953
1983,carga,22351,116325,25114,15113,75820,40144,33265,110752,180921,56160,71909,24654,28276,135724,101972,81036,35501,20162,81927,41626,81773,15670,7101,36347,64821,85177,18044,104175,14386,123139,19100,24721
1984,carga,23461,119813,23813,17823,80264,43666,31295,127040,178551,56091,80259,26784,28840,151333,109577,85195,39385,26788,94400,36001,85061,16608,7458,38151,69364,85946,20403,111959,17343,128512,20250,28441
1985,carga,24785,122209,22541,18659,85320,45035,35699,135961,172224,57381,86198,28391,29993,158377,124610,90306,42779,27375,100441,33871,90589,17853,7301,40060,73803,97486,22237,118900,18071,134423,21996,29521
1986,carga,27130,120494,23802,19058,88409,47227,39483,141638,125860,58411,89504,29823,31027,167096,147621,94918,55532,27642,105463,35665,94394,18566,7926,41379,113314,100790,23387,126184,18695,138011,24443,30133
1987,carga,28892,115681,24105,20346,91497,47781,41297,144753,131709,59251,95232,30963,34488,177069,148319,98503,57795,29357,110589,38785,90127,19213,8685,42668,116707,106268,26100,131745,19877,141816,25828,36632
1988,carga,29755,116721,24417,20751,95881,48732,44049,149664,143505,60490,101317,32343,35888,190691,161802,103523,57541,30439,116426,41956,95194,20314,10617,44388,120090,112862,29652,138281,20457,149971,30799,45509
1989,carga,31205,127625,26542,23944,121111,48866,54409,157323,146614,62729,110562,37382,49719,205688,178312,112037,60224,31858,127112,44697,103604,27099,13846,51597,124230,121739,33745,155834,30227,161385,33577,76709
1990,carga,43001,133609,29599,25136,126633,47108,63180,187460,178205,65496,119975,42718,55975,225412,199007,124961,63853,32215,137272,50980,111292,30878,16321,57224,129019,131721,35944,171295,31062,174042,33579,90564
1991,carga,47300,146969,32557,27649,139295,51818,69497,274184,160290,72044,131971,46989,61572,247951,218906,137456,70237,35435,150998,56077,122421,33964,17952,62945,141919,144891,39537,188423,34167,191445,36935,99620
1992,carga,46208,147254,33055,30638,146879,52779,72439,278986,204335,73272,143117,48629,57054,267601,239217,143830,73333,36512,163409,58901,131326,35958,18309,65599,145735,152497,41205,195791,48819,199758,40115,99856
1993,carga,47369,145728,33146,33569,164331,27684,54046,212246,229334,74962,188733,50664,78735,394018,209271,184253,42974,33578,180993,61366,112560,44282,16127,67849,160368,154812,72257,141632,23874,190331,33056,128829
1994,carga,55108,147092,33712,33483,127586,32570,57669,237674,166663,82828,187987,51717,89974,399424,111926,216113,54219,37781,193850,63909,196130,52270,15236,82282,159349,156810,59116,156929,19393,174006,39210,121792
1995,carga,61721,192018,41997,41659,115523,34884,69446,253323,171035,97052,197766,93497,99743,390095,134699,210235,56032,48058,187009,59119,131888,46955,14765,90163,175784,107484,75223,170419,24662,142414,40305,123712
1996,carga,72146,206012,45276,33096,115468,61398,76584,260663,157003,96261,190900,70842,109389,396474,182608,210992,60837,51188,192121,61922,134282,51051,26612,94880,152385,107963,48729,177547,23814,167753,30943,128533
1997,carga,56974,216136,48184,34248,132016,36413,86194,270389,157914,101755,209192,78079,116799,386164,226603,240386,56494,52666,199222,74430,145431,53447,31305,100894,148622,102720,45903,187205,24779,182681,29853,135483
1998,carga,59616,199213,61553,17864,123987,34715,92806,285434,174088,104828,198287,82653,125194,388115,265542,239512,71323,62288,209697,79724,143533,58851,18009,111262,161254,89998,47280,203594,30493,187059,11969,138327
1999,carga,60448,211223,62863,21988,127631,30130,93012,263767,177597,107251,233449,103397,131696,409242,303968,273010,53438,49551,222145,74137,150296,62218,22439,117157,168510,135467,59782,208105,33085,200248,31655,141207
2000,carga,71825,165695,69893,24276,116945,36631,97708,332930,136321,88614,270560,100675,157733,511440,318109,349645,57585,49602,279895,80872,180828,77282,29143,141388,187828,217799,62064,252977,37675,215615,42284,177580
2001,carga,79662,187849,75152,25599,157057,50819,103912,333775,104639,111695,303662,99879,184039,567996,271530,383102,41539,61830,322392,97929,202934,88427,28726,166928,244007,212325,67208,293314,39238,236759,48696,201587
2002,carga,87498,209819,84160,28409,203730,56084,112039,360205,80320,108156,341266,110593,210297,660328,197168,429877,51432,73177,365323,121441,215547,101794,27356,186369,261471,232324,70575,307140,42980,253775,54747,215397
2003,carga,95316,321416,88479,32502,189683,60515,126934,356259,61652,133790,362841,119829,234471,713582,233836,484413,63048,80710,389782,136467,223513,113897,24260,198037,249817,247952,68824,306498,40785,276136,62196,219853
2004,carga,104440,278924,98629,38881,201232,65207,122977,342933,62087,138805,397826,185688,260515,761760,223029,487309,71523,108278,438461,109373,256407,88831,37053,207223,257567,296380,72850,323272,46540,328027,71414,224094
2005,carga,111580,295504,104764,28674,198687,70448,130428,359941,69929,143911,409413,247440,283480,805628,254986,491541,80428,119354,423075,130352,275284,96370,43122,232715,273694,217889,82555,281299,49785,355317,72623,240522
2006,carga,117493,313958,123487,44374,197013,74461,139993,371156,78722,155366,431012,161112,304931,816171,356621,577538,69400,125451,447956,116211,312565,100318,59815,249445,293664,244921,91589,299026,67220,402150,71010,248769
2007,carga,124046,330608,134922,46761,201129,77945,194140,364044,91167,161973,450011,166522,328653,856577,363047,596776,80988,129592,476731,132459,346937,109374,68636,276102,314719,274958,100829,270023,18702,438822,78786,243512
2008,carga,130530,353147,145487,50324,216394,82107,219080,370044,94089,161962,478642,189073,347725,921433,426529,663705,92690,138492,494690,136142,379893,129631,75522,295740,333240,302246,110460,284625,19452,465333,86266,258908
2009,carga,133239,367864,160727,40931,206385,83059,233212,380791,98990,177582,491062,190993,352524,932715,501184,687803,93556,142963,511962,154599,406116,137759,79466,304377,342403,313875,117914,298488,23933,504542,99727,264453
2010,carga,136887,210356,164674,47520,212488,85458,244989,386612,106069,176681,495854,193761,361621,949163,560346,736821,99967,147862,530705,164447,436737,143526,82819,310519,345689,327093,123194,308929,24300,525891,103342,271036
2011,carga,138516,217329,170122,47572,198696,88917,255353,364019,111985,179735,503456,196872,367101,968947,649344,762431,106127,152331,553529,173988,451139,142991,85723,317082,356419,310583,124346,317533,28647,548575,106762,264286
2012,carga,138226,237933,127530,51729,208198,97741,267248,371240,68890,186849,512727,199607,373406,967812,749075,787897,109781,156674,571223,180172,463964,149508,89516,324349,368939,245873,130419,321825,34018,561081,110489,221527
2013,carga,140029,248008,130299,55311,211105,93624,273798,394450,71106,192145,523971,203644,380434,980672,831677,838946,113038,160835,589328,185476,461822,144583,93016,333417,380630,263107,135787,328177,40180,583725,113739,208052
2014,carga,140624,250249,133865,59199,214350,95785,284125,417124,74746,198801,537730,208297,386649,1006006,916161,901279,116570,164479,430004,192299,431948,153805,97203,340767,391797,282006,140832,334841,56252,600095,117565,188527
2015,carga,146681,251515,135503,57496,214622,97208,292065,427445,77448,203559,551343,211188,393398,1026596,1045531,851454,117408,166142,427712,196750,437293,134846,101290,346939,393668,287345,144799,336244,72562,618050,121383,187805
2016,carga,148906,254848,138768,59899,226522,98124,301723,461330,80701,205753,562749,213413,401512,1043027,1152149,873049,124444,167983,441012,198337,438032,121019,105788,354151,386219,316318,145228,335507,86496,619157,126414,196043
2017,carga,151656,377705,146241,61851,255022,99183,309564,427997,83354,213673,569104,217150,300331,1062735,1260750,999305,125129,170524,458053,206657,447316,184064,115886,360897,393440,320200,146126,337580,142351,630701,130074,191198
2018,carga,158857,381020,140767,63048,232118,100025,316349,435620,85492,202194,569710,220067,239348,1023371,1261009,1040481,127156,172995,468141,234342,452464,185054,119247,366292,387818,394994,146448,337823,142948,632732,133936,198262
2019,carga,162865,385833,142647,57692,241700,101256,324530,446972,86689,200821,574642,222550,210738,1050353,1358152,1091399,133212,175712,481725,244084,270071,193599,123193,370800,396586,428609,147523,340246,81596,638168,137985,200921
2020,carga,166214,398218,145171,58566,247563,102110,337525,456640,84783,200407,573723,224882,195976,1067374,1411242,958472,140212,178358,485989,256676,275407,183468,125635,374636,400880,437145,150746,341542,83630,636067,140983,204444
2021,carga,169279,411157,149080,59956,247028,103795,349194,466531,88408,202312,575767,230739,203114,1069539,1459453,981247,146381,181639,489529,276895,281214,185765,129008,376849,404377,454678,149676,343381,88820,636718,143930,207207
1980,motos,4856,2236,389,3319,6147,4873,1442,10611,66249,3371,16920,3223,1973,25911,15513,8108,7709,3205,8904,5120,13625,2271,2115,8826,6894,8804,2620,4937,352,9406,15895,1260
1981,motos,4478,2236,311,4279,6315,8112,1460,11142,71013,2945,17199,3243,2486,34393,17854,7021,8281,2590,7465,5460,14263,2385,2157,10504,7021,7692,3611,5089,532,9432,14294,1338
1982,motos,3616,2236,350,4594,6761,9740,1440,12033,44178,3157,16620,3415,1980,17751,18686,8583,8752,2727,5919,5461,14894,2480,2287,10687,7083,7126,3538,5359,602,9742,13603,1835
1983,motos,2300,2700,498,5073,6901,10189,1531,12875,36279,3655,14858,3339,2224,12888,18671,9760,8578,2529,6844,5025,17131,2604,2401,11835,7112,6710,3375,5763,607,10953,12923,2353
1984,motos,2303,2780,571,5968,6964,10939,1430,13518,36665,3619,13266,3460,1976,11661,14345,10222,10564,2660,7086,5005,17003,1769,2521,12437,7189,6313,3295,6884,819,11451,10627,2838
1985,motos,2366,2802,659,6470,6987,11410,1628,13909,32412,3624,12101,3430,2174,12281,15752,10301,11446,2733,8962,4952,14132,1781,3335,13060,7548,7256,3591,7228,853,11622,10648,2905
1986,motos,2594,2865,675,6473,7249,11370,1871,13539,20406,3607,11048,3179,2309,13386,12289,9616,11221,2766,10306,4886,12009,1804,3226,12136,8885,7794,3588,8122,895,11630,8062,2886
1987,motos,2724,2965,692,6471,7399,11001,2286,12493,16098,3499,10139,2982,2278,13694,10281,9490,10087,3012,10630,4924,11313,1820,3052,10970,8975,8136,3618,8308,989,11483,6935,2315
1988,motos,2861,3052,713,6394,7506,10650,2411,12121,14755,3137,9225,3069,2300,13934,10306,9348,9633,3151,11128,5197,11209,1910,3015,10258,9062,8544,3680,8474,1038,11377,6214,2226
1989,motos,3004,3553,808,6669,8963,10184,2913,12442,15750,3049,8053,3200,2498,14333,10466,9442,9084,3309,11303,5369,11192,1977,4008,9888,9229,8180,3921,9082,1842,11480,6038,2586
1990,motos,3094,5945,965,6984,9119,9525,3269,12389,19560,3102,7582,3196,3098,16285,12804,9366,8587,3399,11709,5275,11079,2016,4029,8267,9062,8116,3780,10737,1757,12028,19380,3043
1991,motos,3247,6242,1012,7331,9574,10001,3431,13007,20701,3257,7960,3354,3252,17099,13443,9834,9016,3568,12293,5538,11632,2116,4230,8680,9515,8520,3969,11273,1844,12629,20348,3195
1992,motos,1352,6304,1097,10333,9663,10102,3465,13007,22402,3289,8040,3388,3086,22472,13510,9932,9017,3604,12906,5538,11283,2137,6878,8767,9515,8535,4008,11386,1862,12755,20551,3227
1993,motos,1390,6221,1101,25627,5000,9500,3000,13007,8816,3278,8558,3439,253,9465,5872,5682,9832,16177,12000,5716,5803,2105,7087,7897,5694,8663,7198,1704,466,12542,15663,3960
1994,motos,4443,6532,1200,28718,188,9000,2500,13007,23985,3540,7831,3542,377,23003,3901,5159,9257,3740,11500,4254,3510,2220,7998,8600,5510,9194,9195,1705,246,5029,16433,3955
1995,motos,5301,2598,617,9033,462,8500,2100,9000,30654,2500,3755,2000,466,13820,2775,9639,8000,1031,11500,3346,3180,2132,9363,5912,1129,1289,9868,3971,449,5215,13000,3955
1996,motos,6253,2589,376,10435,448,8000,2090,5000,33516,1784,6500,1023,342,41561,4225,10237,6000,1122,11000,3467,3165,2434,5927,9799,5510,1564,3047,5264,437,5918,9960,4066
1997,motos,6713,3864,748,11748,604,7500,2500,2000,34617,1990,9500,1392,338,42809,4841,11140,4000,1296,10500,4640,3981,2832,3921,10572,174,2226,3155,2197,449,7632,10677,3610
1998,motos,7410,2916,884,4013,819,7000,3000,709,51308,2405,12804,5951,414,45378,5532,12388,2000,2745,10500,4974,4617,3301,6589,11830,4744,2294,3929,3293,477,8220,10776,1380
1999,motos,7793,3001,1288,4508,1244,6500,3738,2570,55392,2622,15804,7129,499,45119,18637,13497,1002,3000,10000,4293,4698,3480,10090,11868,6369,3346,4975,4207,580,9778,13183,1889
2000,motos,8280,3458,1555,4231,1836,6500,3738,3541,55356,1234,18345,6795,664,52523,6122,16398,1294,3268,9459,4400,5825,3924,15952,12243,6948,4555,5440,4020,724,11900,17826,2070
2001,motos,8537,3893,1711,4437,2604,6464,3495,2935,55798,1574,12717,6113,829,16480,4344,18867,1416,4034,11488,8090,6789,4252,16326,13500,9422,4556,6612,5855,841,13971,20320,2536
2002,motos,9054,4136,1556,4945,4334,7325,4704,3802,61828,1881,20896,7647,1123,64237,4489,22442,2572,5002,14066,8763,8133,4968,14506,15191,10496,4493,6908,6567,1002,16163,23686,2607
2003,motos,9589,4896,2125,8231,4289,9097,7804,4063,80058,2370,22148,10290,1303,74571,6436,30059,4419,2011,16747,6958,8495,6025,19781,16505,10335,4942,7267,6343,1090,19745,28581,2944
2004,motos,10175,4692,2981,14126,4275,10923,9681,4318,82237,2627,27422,20826,1574,85987,4836,30404,5754,3920,19498,8143,10972,4377,30230,17384,11035,5012,9856,7141,1471,25970,37173,3287
2005,motos,9922,5431,3444,12490,4167,12966,12562,5005,69496,2950,29812,27832,1820,101307,8837,33565,8108,6774,22739,10291,12974,4629,39850,21856,13762,4665,13398,8319,1611,30948,42749,4264
2006,motos,10821,7005,4277,26413,4122,15052,15951,5543,92121,3694,37065,16304,2286,114151,18640,46148,6988,10540,26592,10079,17365,4716,56537,25207,17350,5687,17804,9666,2191,40976,46475,4543
2007,motos,11663,8381,4936,26572,3930,17825,23957,6056,125589,4134,45319,18241,2995,130404,24173,53959,9472,9850,30152,12241,21183,5050,69054,31689,21064,7493,25574,8721,4934,50895,55979,7520
2008,motos,13398,10025,6112,39110,3905,19633,31822,6656,155234,4915,56746,21147,3836,151140,51672,66172,12850,11940,33396,14160,25048,5851,80495,37170,26898,9538,32013,9969,5789,57309,66119,10005
2009,motos,14767,10146,6684,37237,3621,20489,35611,7683,164709,6201,63021,22440,4655,162064,64469,73200,13168,13113,36042,21983,27961,6911,87920,41434,31785,9906,38031,11160,6474,61519,79772,14077
2010,motos,17771,6679,7068,43877,3604,22958,40922,8236,114000,6526,71379,23834,5398,178453,76785,84013,15998,16442,39390,26218,30761,7778,94098,46877,33857,11226,43140,12057,6978,72628,84684,14510
2011,motos,20062,7688,7335,43804,2892,26457,48516,8683,95000,7084,81462,25569,6188,201542,103752,94252,19707,18964,44301,31148,33959,8278,102232,55522,37771,10302,48829,13925,7793,84607,96351,14147
2012,motos,23581,10007,5451,52016,2885,32975,51716,12281,95130,8169,98746,27497,7404,222396,140655,104782,23789,21292,50604,40723,38135,10653,112368,68888,48592,10296,53396,15281,8987,100690,103184,15659
2013,motos,29724,11635,6024,60451,2930,36000,59297,14028,91324,9116,135763,30702,8411,241165,188134,122103,30700,23138,56745,52050,44006,13696,122941,85880,56230,10391,60076,16090,10962,114342,111957,17630
2014,motos,38306,12788,6864,69972,2643,41276,71697,17342,210020,10353,164111,34856,9978,280457,243203,128808,39588,24057,45306,69335,47193,18211,137547,101386,66041,10391,67003,17353,15960,131693,121765,16060
2015,motos,44582,14360,7593,69585,2167,46718,84130,19986,260099,13341,207866,39194,12036,321568,322567,133911,40444,25853,52209,81066,54660,20026,152668,118864,76004,10391,75372,18401,21331,138489,132970,18813
2016,motos,51415,16734,8467,79581,2245,51595,92709,22060,300587,15046,259325,43351,13560,362303,397343,157016,43413,27873,59897,89810,70261,22133,169592,135811,84288,17729,83734,19664,26143,148806,143530,21556
2017,motos,58009,23790,9667,90020,2393,57056,103391,22957,347851,23318,303028,63986,15566,416016,496457,216222,51508,29954,69640,103746,81361,40181,195685,155738,90808,23113,92490,22046,46440,155580,162106,28420
2018,motos,69518,26470,7500,100544,23051,62946,113597,25784,406671,29314,325036,82592,20699,475844,496457,253094,60053,52957,84288,136606,96429,42481,215159,176643,100288,36107,109156,25518,52911,162855,177921,31663
2019,motos,80668,30252,8859,98981,28830,69251,127846,29278,473576,30492,376151,98458,22913,536595,654116,283900,97218,63981,102126,165581,89814,53392,240211,197369,117794,42634,121088,28299,43313,219908,192233,64495
2020,motos,89451,36123,10554,106477,33381,73158,145719,32027,497481,33679,410166,112471,30483,587887,755592,292466,114927,68602,121414,190850,105334,59225,253709,211948,129365,46030,131851,31808,53175,237490,203467,77900
2021,motos,99057,43581,12400,119665,42829,78777,161970,35186,543792,36873,453582,137132,36977,649416,896686,335280,132379,74769,144884,223179,125790,68990,277200,240720,142375,24230,153436,34682,60399,242468,223586,86972
